feature1,feature2,class
3.051353758780038,-3.3400746333338622,1
1.7728680095851728,0.7944361334939632,0
-0.479799503103735,-1.9247878297350942,0
1.7668822528473658,-4.799877608070335,1
5.220152343613156,1.1916615045668497,1
-0.7973893409733761,1.9498849035427992,0
1.6322048631565818,-1.055947432574024,0
1.208166541058254,1.247142704623821,0
0.27936486866359805,2.4355566385395475,0
0.3308707867080669,1.6886739497619638,0
3.0494803818102603,4.044854160523493,1
-4.924911771475106,2.928504415501175,1
0.7401384074116608,0.6860775782204858,0
-0.6705373086621125,1.9166066503409538,0
-0.9725820203472435,-1.0612267508299187,0
5.211127858538911,0.5645093765679193,1
1.3569905782833183,0.5553301062823871,0
-3.4855057889757775,-3.38613213819241,1
0.2999526284998927,2.020293516394769,0
-3.197227752768708,-4.208733827047652,1
-1.868321067909259,-0.3540024293967376,0
3.9345090882332068,2.0947480162561067,1
-1.8500511905463983,-1.0732028592069454,0
4.618506289393924,2.159747488956942,1
-2.3660183241935506,-0.868802642365603,0
-1.8143278891604262,-1.0971297570640857,0
1.2675538094148153,1.4840429278204814,0
-0.5013878906113923,-2.351561634016711,0
4.750004380002309,0.8250834686455998,1
-4.684664607583133,1.6921762998763157,1
1.0877645772949114,1.5357990330710052,0
-1.3776894190115612,-1.1742334374723034,0
2.402912736875144,-1.3856633666060578,0
-1.8885552459493107,-1.416922607624896,0
-1.6775656734971818,0.4363308695258862,0
-2.218882802325423,1.912780242567276,0
-1.0601184030829287,1.803026744345411,0
4.213235795889084,-0.7649406169483877,1
-2.0719304016726796,-1.220817409925056,0
-1.441371407556314,-1.7942713186123505,0
-0.46328976208475114,2.253030437424337,0
4.021376754642836,1.4351214365453795,1
-4.278030893680825,0.9830747393658464,1
-0.30102132726422554,0.5454571144904448,0
5.041923159546451,-1.1457923269081325,1
3.693934891483024,-0.26971997556587973,1
-3.5571035150658528,-3.957144735412951,1
2.0757565031568967,1.4922243177738306,0
0.02283707927426981,-1.5818268033195568,0
0.08379809590506171,1.7929226481978229,0
2.3060743572934173,4.682206236739241,1
-0.3755333500738728,-1.6209366637140563,0
2.8333695294029497,-3.9578999515155937,1
-0.2765269330319061,2.052473740539281,0
4.727640918260618,0.23684549845574063,1
1.4665658356087068,-4.5221689974661095,1
-2.4409289138460366,-1.358986796099929,0
-0.503694846162902,5.441022340060752,1
-1.4862500586530714,0.6661796292659901,0
-0.46706552322067924,-1.8533024950723986,0
-1.179905227263121,1.3827636897930808,0
-5.874289515917612,0.37025654530745156,1
2.9440477470955413,0.8475957609090272,0
4.807672804276625,-2.3591333642898222,1
-1.7651882139077892,5.53466608434489,1
1.9507169366577786,-1.0903537245096513,0
-0.8209244239209577,4.565916690469253,1
2.748375666340688,3.836294501225658,1
-1.1430580228734188,1.413436863863149,0
2.4249002614592348,0.5716739461394611,0
2.77789750636457,-0.8905050214289831,0
-0.6750025931332,-1.2260431644314393,0
-1.9880085970387997,0.12721503385312538,0
4.666969059347474,-1.7469084804547934,1
-5.212307713252995,-3.6814478795675516,1
3.5071056143015156,3.9202135744037534,1
1.1460134936753645,-0.9191728040657439,0
1.8830428682426827,-5.143780279737912,1
1.6379440468834567,-1.1994668186665125,0
-4.897301833485414,1.3623445766480156,1
0.7730146522595814,0.9226338886673958,0
-4.88956044572171,-3.0210329181562563,1
-0.10871678351428635,-1.3765999541921383,0
-3.7387666775985795,-3.232842122662197,1
-5.242108870820381,-1.1317991829017089,1
0.4752388896699458,5.179532854473456,1
2.731770324546014,-0.16637940432079956,0
-0.42668079274151427,4.860099590837819,1
-3.0539736010542358,-1.9904249909787928,1
5.542324151396188,-0.57152514694055,1
-5.254334051337529,-0.8115703139867995,1
-4.122718416639074,-3.0579516540991367,1
-2.8801466422302937,-4.248713356942935,1
-1.7344546897734918,-4.899767619204351,1
-0.25274085992048767,-1.3953112265582286,0
1.1792462226034859,-1.288395429026741,0
0.21561250742521124,-5.449012476864133,1
2.2065134817556133,1.035825412072363,0
-2.530051360634172,-0.5051621237796368,0
-5.091203503910163,-1.6267791825951539,1
0.8666710214957452,-2.013926405184617,0
4.553380530694454,2.67739052008948,1
2.51230734279348,0.546659255722109,0
-1.6204312764933444,-1.9520213196294103,0
1.775313771594294,0.14685421822795452,0
0.4973365726434613,-1.749846129736317,0
1.5087610326824288,1.2076867668711875,0
2.983924663865748,0.10828389600316829,0
-1.8298118363637446,1.2403949034687376,0
4.761679187304229,1.5224787722749735,1
3.981653612687502,2.9629139761862393,1
0.18817202253445026,4.661292261194222,1
3.4846668964370973,-4.242362090934651,1
-0.737415912471971,1.6360794105630074,0
-4.743847866200227,-1.6815945763060511,1
2.103522270172504,0.23165595464809924,0
1.918616060785445,-0.47707713965336895,0
-0.3021598966114935,-3.158843080972042,0
-4.368926976009468,-0.5075871875457962,1
0.37825121325187827,-1.58357289945869,0
4.2675240636991365,-2.837329073389976,1
-0.037531986452987165,-1.8575333664719131,0
-2.7828561052683725,-0.7681868641822907,0
-5.257787030726368,1.3261386155734405,1
1.5475235657111301,2.52232469340344,0
-3.9701900374676327,-4.647940543607985,1
-1.7034568675884298,-1.5338380751627998,0
2.9758491539520104,3.816001297988817,1
3.3065477426222554,-4.846720680594848,1
3.7796877208889414,2.920626243554028,1
-1.6260179102523573,-4.386819682468654,1
-1.5334567075184389,-1.275754809543263,0
1.4685262747689987,1.0367306667929646,0
2.5625802543558622,0.9542708298282974,0
-1.8910652881447891,-1.6620165603650174,0
-0.9913150675896039,1.749994247846089,0
-1.6498988677375137,4.637217501542668,1
0.5812474103312018,-2.6034102142415385,0
3.5196928479565104,3.822166629684056,1
-2.0643744403015916,-0.7648480943479108,0
-1.347079215537153,0.5248484352997427,0
2.911642235718283,4.713431619058023,1
-2.358042452619227,-3.3224327713574615,1
1.6117361590794372,-1.8540724810176017,0
1.7300040994508334,1.691725892376857,0
4.7102212865108255,1.9597789584432908,1
-0.1916893364327248,4.3582290168782505,1
0.628661327013025,1.2207247485598784,0
-0.8045300901278432,2.3449702037322995,0
-4.254082487528201,-1.7235218410661277,1
4.528664379075495,1.3810497954599126,1
-0.42089017768784054,4.567261016296575,1
1.75662235351595,1.522350840138017,0
-1.3751642103681905,1.4492234988441828,0
0.846653788401036,0.6751379764030299,0
1.846585598393297,1.5542951192340517,0
0.6407296039991552,-2.127079486401586,0
-3.7315901449940307,-3.8085022522999528,1
-1.26403690891167,-5.182357001031503,1
0.9121203880121466,4.520335970525284,1
1.7114283506645125,-0.8559849529079067,0
-4.497636369481092,1.260658431787902,1
0.7820756736746864,-5.69167288351435,1
-2.3933748690034773,4.375783088248653,1
0.0016459515623691474,2.059890258380699,0
0.8567793466416913,-2.716430142666806,0
-4.564264839535869,1.8555432643232184,1
-2.498497635282125,-4.6529469028312045,1
-3.7746721599022415,3.6727594850653777,1
5.276603233664145,1.5077201237131765,1
-3.563915689383153,2.5887700292750533,1
-1.1176143545193375,-1.5451411695375923,0
4.161219679344082,-1.2984054852377371,1
1.7771911061994161,0.6951268919979243,0
1.5066591418785074,1.366693464082848,0
-2.1079911457925506,-3.3914645465298054,1
3.382594022229218,3.725471962985631,1
-1.775960869505753,-0.729598115905903,0
0.033538633612606006,2.0036360649797422,0
-1.5060468844702553,-1.1447959552410036,0
1.8944211409040181,1.2517698192502422,0
0.6650094832784958,1.380711585151508,0
-1.27604106992321,4.611047498448931,1
-5.240573177375716,2.508445489058772,1
2.409722581297486,0.6618863399194443,0
1.7441508925460443,-5.071935442312149,1
1.1363188996254125,1.2227089546929912,0
-0.33843033662344146,5.281033875445217,1
2.4446414755588846,-0.9555180294074542,0
3.3176473956654733,3.0231015403235597,1
0.5974613764818028,5.224839770479406,1
0.09205670708886848,5.197375790700421,1
-2.7222833667864035,-3.858390929473456,1
-0.20090039887014355,1.9564856431537132,0
1.9527681015261964,0.35411309705701544,0
-2.848605403219391,-1.8708293928530821,0
4.346053164698139,-3.02812973437752,1
-1.888293257005137,0.23047498986767728,0
2.119445630236852,-1.0581969869833787,0
-4.748047097786368,2.3588292277868237,1
0.9039575709241372,1.9733409160316435,0
-3.292265580211131,3.195094021508429,1
-1.4508920153888305,-0.35409472175789813,0
-0.681548767747659,5.66844098599852,1
-0.6713351711613911,-1.5394656650889396,0
-5.90635225367616,-1.573859375501028,1
1.3824928729702668,2.050854485652368,0
0.957822996073062,1.1081917371569305,0
-2.545025212707615,0.4173931473064127,0
-1.2179830722036256,-4.07717765158691,1
-0.5701879102214669,-4.7346541088000595,1
4.867209830489751,1.7673365855673517,1
-2.466297778940616,4.505966328236396,1
-0.20030183799364135,-2.340672404049878,0
1.5022718364230472,1.1544716310704564,0
0.1464486055441938,-4.894570114673484,1
-0.21410307677290297,-5.637385492967388,1
4.508321672590552,-1.7874242621241252,1
0.565541477789704,-4.216381000990505,1
1.8662716733820912,-0.8954708343969393,0
-3.4862359430428147,-4.277536974440405,1
-1.6256735538214895,4.858526394031282,1
1.2266643020312231,-4.4085317490747205,1
-2.6624318405574594,3.755562845104893,1
1.7315271921243323,-0.23973866819619027,0
-3.115463765489493,-4.02518339474026,1
-0.27754173340268407,-4.987119170331264,1
-3.166151266029248,-3.9705176980151853,1
1.5547195834498777,0.06224954941568728,0
1.4295866822700767,-4.368185279822873,1
-0.21079404470009083,-5.341941793374202,1
-0.9886508759596323,-1.1504465554801089,0
1.887141071135838,0.12247101656310821,0
0.5801632019839664,2.623667788752985,0
-3.1441314062945147,3.7282315048534174,1
1.9593769517033588,1.1676392452579365,0
1.0087952681781145,1.8885876572979243,0
-3.237865046137568,3.6269338708708188,1
4.812295503836662,-0.5605590176472652,1
-1.8858481994205367,0.6193179985889734,0
5.22358056802613,-1.9254223636047028,1
-2.5613373207253627,-3.621768685257941,1
0.47428154920399584,2.8395183566591746,0
-2.033993847029464,-0.6176745817492633,0
-1.1589230801714085,1.5705347889766672,0
1.2401743121424356,0.2012675581228749,0
4.555821700015864,2.390419395446507,1
-4.206596260682851,2.8791877478859003,1
4.347212141764076,-3.0030741811657142,1
-2.284055794233669,0.6559926818304722,0
0.41123013146669113,-5.248855018236499,1
-1.6695707198177074,-4.605963168568677,1
-5.224622367337683,0.9480301653070535,1
-1.0781927092055366,2.5704774055136808,0
-4.198668418653822,-1.735482166701234,1
-3.882456057806789,-4.320475555702359,1
1.6083646515258756,-1.1118759214418534,0
1.0797842221596872,0.661155555720637,0
2.556688294219149,-0.9693015255528217,0
1.1163261440525527,-1.0792788084586455,0
0.6276413144299302,-1.9180457673591296,0
4.849915829166568,-2.091526414825023,1
-1.6274648106488743,4.320561206920241,1
-1.6908016544536195,0.514372875933937,0
-3.3871825657464694,4.11155779302074,1
-0.6149097082485214,-1.8475928571916023,0
-4.49271796976634,-1.7539131643676462,1
-5.076122108082429,-1.4593060248284953,1
0.5129685904055887,1.630785124070432,0
1.6060503604237846,-4.5149912136267165,1
0.7332099930516003,5.046745964128784,1
1.6599074221471004,0.04077195463010347,0
1.9013877482947552,4.160925659687437,1
0.19341411690687133,2.4989404002050435,0
0.2214864981997406,5.436131824296837,1
1.6328733962750412,1.0404196284815352,0
-1.5506897596570621,0.12768486616253588,0
2.7743529091181895,-3.534848061489262,1
-3.814179325343476,-3.620137076421616,1
5.215577639015297,-1.353092732998783,1
0.8962543689868319,-1.1715184150135283,0
1.0379990822727838,-0.440713481107977,0
0.19876107298157913,-1.5897694015963828,0
-3.971902658022097,1.333467913928937,1
-2.157334196356019,3.453674429047966,1
-0.08336667077535215,-1.8839048566873566,0
2.955617060692994,3.624410611210474,1
0.22279586005319318,2.0438289864820103,0
0.44683116387755384,-1.605606735227974,0
-1.8190004382416713,0.9831015505468722,0
2.2075853052377425,3.881593597790974,1
5.535941217668349,-1.1115970878210595,1
4.940744721592688,-0.5940308982936047,1
-1.0200384463796208,-0.49579773064127775,0
1.4495151444233956,-1.1996093278074906,0
1.4046336847268968,-0.5536633456437827,0
1.6614662594010117,-1.7535782671522244,0
-3.5422007794741712,3.777232799883758,1
4.940485859700129,-2.5950388476761357,1
0.6104021409012415,-0.7195397806888413,0
-5.020268813234854,-0.8317904028915197,1
-3.3447374156388436,-3.1738757774083903,1
-2.1728255752815175,-0.36850302657484063,0
1.068226236514098,1.851504470182462,0
1.9314979691003866,-0.53429304196487,0
0.43615652406785205,-2.28217000860838,0
-1.9825190032220168,-5.04351686376394,1
1.327343544449388,-4.325152052771284,1
-1.2358527372845085,5.243579229430349,1
4.641549961630277,-2.868898357003284,1
-1.878697014387904,-4.565076356841821,1
1.9497689138905685,4.092179404900178,1
0.09378107040092665,-2.8500688785614106,0
-2.6052247634361665,0.289933960869882,0
1.5418896074653812,1.0885331802236782,0
-1.3539586416319442,-4.773523031962829,1
-0.1451256609550835,2.025534103414173,0
1.72999680984923,0.7619449614668523,0
-0.7492198171416538,1.2532165019559378,0
-2.0598907195262672,-1.9726300054937886,0
-5.338575992806713,1.9922358643124158,1
-2.2817542537819895,-1.3921150242113385,0
-3.8257535423896485,-3.8824194508059233,1
1.21442719677385,-4.9460251187563085,1
-1.1398800787247967,-0.5650480883308329,0
2.964574643392229,4.632955021534784,1
1.1251354243644585,1.0077330679543957,0
-0.5380547878396059,-4.454117576740356,1
-4.39972730235651,1.2682526366720748,1
-1.1851317400022017,-4.749489316542771,1
4.810404565483045,-2.201356655666828,1
-3.974461696125141,-2.409233820279618,1
-1.4328824650144327,1.3095248340226706,0
-0.863524055901151,2.2728478894087027,0
1.0576347987235921,1.519787127210768,0
4.427117692243982,2.2072125075840403,1
-4.566995924302764,-1.68703346768452,1
-2.9930802706703865,-3.6743365871049414,1
-2.094117600617588,-0.5973837060322158,0
2.0256231036735373,-1.1815393426620977,0
1.9445815754035074,4.754314569953714,1
2.8213195252919547,0.41586569611284885,0
0.5421158411504756,-1.3108969319721195,0
5.676764289978525,0.598281361348194,1
-0.6658870385037376,1.8993381581535107,0
2.482707585460375,1.2115462828049033,0
-1.4639428973216801,2.176369848666835,0
-1.6920838052504525,-3.7185811642841333,1
2.6412981020188857,-0.30251849136684905,0
0.6299832453720531,5.405701756981226,1
-2.5759341692269597,-4.202115782250623,1
1.1585670546596318,2.3389517733790366,0
3.548124564382485,3.8063802933718005,1
-1.3160973302511074,1.5083765206007174,0
-3.2760665438011958,4.131078151972723,1
4.26561464141202,-1.4195943653701275,1
-1.617746184187352,-0.03599657893010913,0
-5.139869026107689,0.008109555160435156,1
1.810020623768946,-0.23704606982449303,0
-1.1571346269548948,-4.373569367753599,1
-4.748235094220819,1.7899906069869833,1
3.5307005950400847,-3.1465416220256777,1
-1.0774341441707025,-2.0044119229057276,0
0.6795396451506995,4.940612884940313,1
-4.480346543040035,-0.4517270655832344,1
1.9689483997095418,-0.844931108126152,0
-1.0806798062911964,1.3872771311052463,0
-1.9823225999038951,-2.015519487230107,0
-3.180472077259396,4.193404256497266,1
4.30576264722986,3.1718385421039925,1
1.748478416294486,-1.051618445120382,0
1.3668642458672868,-0.579570262869889,0
4.428180271814676,1.4356530960897993,1
-1.1783354270834367,1.2360436588399866,0
1.5512054957612318,-1.5095670044253764,0
0.6708991419267144,1.1688078982623797,0
0.4100491912703864,-1.423557143909654,0
0.17370807999314805,-1.858073062455926,0
-1.4168574642799494,-1.823317431636058,0
-1.7727555810549638,1.6883799758111562,0
3.630579465939379,3.115982551371556,1
0.5258832844385699,-4.38716363844042,1
0.09823352627723425,-1.6409947209525757,0
-0.8852382217602424,1.9190255784197656,0
2.96982624455555,3.584049837518683,1
1.5963705348254904,0.31626862733712413,0
-4.331236991882294,-2.653230804570256,1
-4.704472995799873,-2.3147045489527684,1
4.632414294120165,-2.021757426609131,1
2.3371244136852263,-0.9829948012594679,0
1.9406447436891423,4.250274157568318,1
1.462801369650395,2.405279075606719,0
0.5974700505547532,-2.66480178816031,0
3.1952929876831773,-3.3702660405817206,1
-3.5397654595089607,-4.395088005248948,1
0.3447223720357343,-5.44317499089115,1
1.8527233104549006,0.21699319282725793,0
4.2168215905486806,-3.420615714510427,1
0.2006750719949817,-1.6093444058284967,0
-1.7372910825868348,4.153815406625445,1
1.3791824727098632,1.0321596897095613,0
1.7428237068439352,-0.18920185792711128,0
5.562755616684509,-0.44379636071042594,1
1.4135806644985855,-0.5826598470818247,0
-5.100563371827017,-0.5366771938876853,1
-0.09231511434722323,-1.444789812726027,0
-1.039462978073702,-0.010875739077994773,0
2.0793241607357418,0.43799178889879525,0
-0.890901657647367,1.1275232875082382,0
1.519440716700391,0.8618704818826233,0
-1.0792102550068112,-1.1957905725228895,0
4.539214876035961,-2.385265826598802,1
-1.6044122620644081,5.109166695552966,1
1.5566732094599223,-1.0248414425067567,0
2.0563355071907887,-4.8515993552351375,1
-1.7690040001925014,0.820433572704967,0
4.187982564606517,1.8306370929551892,1
-4.585824093319555,0.7317612744706008,1
-4.01113069492806,-4.361528353876832,1
-1.8461626102004278,-4.055013842971147,1
0.13643461312769858,1.8955417993085382,0
-1.9878177168314186,-4.173091435563129,1
-5.241281707322086,-2.1076197368581613,1
-4.777094898045177,-2.621272492748057,1
-0.1414401243630674,-2.100575938855515,0
4.836279822256031,0.6488462765041703,1
0.24942350643383693,-1.6918866125604632,0
-0.13974314484024608,2.5172432300770193,0
-0.7880334611278335,-2.209671675759169,0
0.3050623474672627,5.63603250608047,1
3.7044582443867857,-2.470783150821561,1
-0.33434218698513873,2.754683974208602,0
0.8818231873741816,-0.4209364191750924,0
-3.9594475244080187,1.5355289693407852,1
1.4080989361357188,-0.46554266130588323,0
0.5105849283329841,2.1471637045553558,0
4.478952806501361,-1.8901184830774818,1
0.3186301588538616,-1.3934362303619603,0
-0.011674041548289216,-1.5250812517655674,0
1.2399435844993782,5.140409460728918,1
4.921012304371938,-1.764821377275988,1
-1.660443443014413,0.09416552090240829,0
2.0116109641021165,0.2889978637093965,0
4.575924519368619,2.771770104640263,1
-3.2547738267647714,-2.0238304334257737,1
1.6236245142812262,0.06930839136831168,0
-2.110523276203712,-2.3912862040155813,0
-0.9385290074357107,4.5641167106003255,1
1.3627981186010714,-1.7534712466135223,0
-4.039322752547526,-2.2813798695004466,1
5.175987020496159,-1.6628476377830341,1
-1.839229020261516,5.488585442132234,1
-1.2034359575453377,-2.8672884331089037,0
1.3020381829418295,1.1281601065226328,0
3.94190044254443,3.262333281480246,1
2.73869752438848,-4.128938450566545,1
-4.014777325148856,2.150476960298481,1
-1.090230768737874,4.251926808673229,1
-4.586565609348232,-1.0675993163899111,1
-0.3861991024488842,-1.8791617729277497,0
1.9271368998930398,-4.182850859659902,1
2.252403268136345,4.716984449122232,1
0.9376593505443589,4.758023612661065,1
4.974742535889639,-2.9421520931770435,1
-3.665474749293475,-3.8202686997622193,1
-1.916337095447257,-0.6075387189556973,0
-4.7686290468618715,-2.766299272508445,1
-2.736889308137038,-3.4130170118281904,1
2.4710773841808504,-0.009407946832571179,0
0.6449348150798003,-5.193183433077537,1
-1.17025320645828,-0.6022754900095868,0
0.12119318693425207,-4.980799055173204,1
1.2466726836951747,-1.7028716345412365,0
-1.7970033008824995,0.11998040937925372,0
0.228503723917296,-2.34099772306023,0
5.255028684118048,0.2004514949982137,1
-4.749889112697538,-0.24429619788112394,1
-3.7782629175578357,4.043094980028623,1
2.308364331180118,1.6273673980746848,0
-1.4837542442365834,-1.3660062189035729,0
1.2289066808641238,0.7658644219565398,0
0.24449817354326916,-5.650821235580623,1
-4.147153762774034,-2.383703172660928,1
-3.789087679510171,-2.6521714542065618,1
-1.2940183011357913,-1.2852141310005576,0
-1.770146310495772,0.986605049368088,0
0.8343855090921957,5.006735303698862,1
-1.5896982687881038,0.3418769169337091,0
5.987619648970595,1.9108739665417094,1
2.436695898346579,0.4291785410654287,0
0.411615971137659,2.6395074522278272,0
2.8979378608976676,4.304514375471072,1
0.056708889189925116,1.7282262384372484,0
0.9631433042201524,-5.251046159537726,1
1.3230451784905568,4.813457630429959,1
0.22511159664666983,-1.8091340118243162,0
-1.6386476648447599,-0.6533090252074408,0
-2.2030146209562353,-4.608255082497236,1
-0.7019058048554712,1.7193576930970644,0
-3.402244324380436,-4.7191342107743885,1
-4.9495285369536655,-1.2131721489412652,1
-1.0806272176070997,1.9076558838742805,0
-0.33938499306025033,5.035510402939678,1
-5.2323549344336975,0.04302218536402769,1
0.6207558301322437,-0.6979083351341948,0
-0.6161221867705897,1.5053015279996533,0
-5.520447452621418,-0.703817837872877,1
-1.9321982127361759,-0.9387899602588762,0
0.7838020134379571,-5.232957268280597,1
-0.7685481755360246,-1.059227463310982,0
1.8355144656527846,4.016112485950796,1
1.7318988765848573,-1.8455602920622693,0
2.2070715969420913,1.5402705009145452,0
1.499168824410671,-4.028300882393563,1
5.044783929402239,-0.630388946894663,1
-3.777062901970289,-2.123062818587459,1
0.07847907530606688,-4.484573755491418,1
-0.36856638964697264,-2.682821820890756,0
-1.4989426622274737,1.3413309581113895,0
0.7766419775907142,-3.8116172999103464,1
1.1308139017223249,-0.4485329745923722,0
-2.2516793865614586,0.24426388246153713,0
-1.3827883924131688,4.464472918495273,1
-0.5384633027256132,-4.014134262967433,1
0.833021380948767,1.5837550018817157,0
-2.2373486737339774,0.6355074097872205,0
1.1059494788383124,-5.019539685159179,1
5.43363989532868,1.4913399322724046,1
1.4561323919915508,1.2965794608062957,0
-2.0337409616633053,1.1438884740704034,0
3.177713035886915,-4.472626022096371,1
0.5893361947392535,-2.1473839529515755,0
1.1566826348364634,-0.8973635424681445,0
3.169293242874167,3.665149243380391,1
3.0684006210909507,3.88351439620328,1
-1.152902767802506,-1.499384851552838,0
-2.181679175775222,0.21551581184874408,0
-2.0449582697334403,0.9249294534180088,0
5.7100913198515135,0.6369304749471133,1
2.524336207143144,3.6272368244584197,1
3.574343970086413,2.5495071750592144,1
0.04406567894545077,-1.1450211723425707,0
3.5159088099502136,-3.014948065247377,1
1.4419249958455502,-0.5752724180684619,0
-1.762009692902824,5.719927939356975,1
1.1157638051813081,-0.3748957432505816,0
-0.34145044214854237,-1.2541864154330722,0
-3.7711972076356197,1.9887805113091883,1
0.6758422192042826,-4.065967547315435,1
4.04700515162649,2.93439622770202,1
-0.12387688689531923,-1.8417748097550533,0
-0.4776504790529387,2.8239145004285273,0
3.6606429572584247,-2.6695279398807106,1
-5.138742417583735,0.08394735173636553,1
-4.073790019355263,-3.0536824358673833,1
1.1443434257475298,0.3546069989294608,0
-0.8830317018112797,-1.8076891941637465,0
-4.266379963908979,1.18310547866439,1
4.989165694568772,0.9955292987885598,1
-5.030366179024129,-0.6934943234874134,1
4.172841740318628,3.522013893871436,1
-0.4245257976178687,-0.7672249262060331,0
-0.34115094045068184,-3.424666594601324,1
-2.1851916047639737,1.7289628974646556,0
2.5196850805595927,-4.964159861324844,1
-0.6689311458268373,1.6164250131432216,0
-1.4748217339039082,1.3489605661193316,0
-4.589761717984384,1.921963487809026,1
3.5576635675865536,2.7355810797186195,1
2.249403452143806,-0.9057593562291275,0
-0.8674118996877656,-1.6858510888102298,0
1.2085525042270497,1.9100912529720908,0
2.5177586348812677,0.4299150556114742,0
2.0709349993991286,-0.02372886113134076,0
-0.6373134153657326,2.0036779289854216,0
-2.1237996801728096,-0.203517657486101,0
-4.39897031947455,-3.1498976382698824,1
-2.055625676885334,4.842401024584593,1
0.16654816046958076,-1.4455526869326345,0
-4.801953459137517,4.024889377277456,1
2.7968065781996856,4.459751111563979,1
-1.4476495543667505,-2.4404669015970413,0
-1.5701394797998678,3.933111446149235,1
-2.9979459678095055,-4.229353379516112,1
1.394189180156262,-4.538723523691311,1
0.004878132918543054,5.527961177142404,1
-0.6847340575192631,0.7911970633014187,0
1.4335521717205606,0.361022212797115,0
0.6912302690958498,-1.5563276743129297,0
0.09661817110665671,-1.0809397750502192,0
-0.36089857928952995,-2.3397757143923843,0
1.5411794108858687,0.7149722821404946,0
2.8074693730481846,4.688254676681935,1
-1.442703982160964,1.477310736487269,0
5.3212066790485615,-0.024100752955826144,1
-0.16474328455743176,-4.467523061174699,1
2.7179083330021836,-4.867951984426442,1
0.015389131202045325,-2.1380372694111833,0
4.697149106838425,-0.28151059953574287,1
-1.6178126116974865,0.8158308627633779,0
-0.6071210561029097,5.168925302670626,1
1.8429089725113756,-4.280358999799383,1
-1.691689462680439,0.7384325807541439,0
2.420373879539814,3.60479375653896,1
-1.0800350438847357,-4.411260305486275,1
-0.5711036262517974,-4.876134304442874,1
2.135115241729564,-3.8458803787808145,1
1.4694848052922374,1.5700129457717922,0
-0.950945903970046,5.831250573488699,1
-3.2431880268924482,-3.12750247401353,1
2.0227595129121703,-4.419686219117026,1
-0.2965450638431975,-0.8423582480027068,0
1.853894112230184,-0.9480366925271018,0
-2.5164130856357456,4.214753234226688,1
4.724200510072237,1.5051576681729613,1
-1.6866845481253985,5.488753554592863,1
1.7497014016621324,1.1392197009913023,0
2.4824021489032866,-4.733809322684191,1
-1.579686081821017,-0.23008017426745264,0
-4.447797123342655,0.38047938098917977,1
-3.6627913697701886,-3.006685474416004,1
1.596779013301577,0.3940506744100686,0
-1.5684877650320934,0.39116864787322286,0
-3.075643917035735,-2.8911463181225945,1
-3.1721841825326504,3.488736526822495,1
3.9491853072409753,1.472683358233873,1
-0.6409154129215248,0.9877036638392618,0
-4.754742905639533,2.170448547971055,1
2.695953897340245,-3.332134912653274,1
1.040536623161474,1.6842843175196922,0
4.0878459204005555,1.2099586698252771,1
-1.4320322656665818,-1.6574414298893012,0
-0.7689205660262602,5.347710455453883,1
1.9306272784621208,-0.16893402922368428,0
-4.926255679225939,-1.3240733797381259,1
5.473833912862081,-0.18888592041617985,1
2.5653319095061025,-0.659668930243891,0
1.7097065625180363,0.955317170497482,0
2.183454736489323,-0.9334913829888742,0
0.8448658753605902,-1.145260385402769,0
-1.0131711111463504,-1.563281291364229,0
5.23581633979479,-0.37792797409129464,1
5.257880066565426,-0.03488113931675263,1
0.22236670464702096,4.540564519586787,1
2.14244153629549,1.0934690939761917,0
-1.8715968310392517,0.799441569996876,0
-1.4493514212428384,-2.2658150142740263,0
-2.2242972066911615,3.762471186700316,1
-4.370778421450152,2.357281947882701,1
3.812705317898567,-3.978586841668283,1
-3.0981387240574394,4.178763569117078,1
-1.1508533609962088,-0.749669592353571,0
-0.35376417061233234,-4.873796581947213,1
1.3702240025422983,-1.1405843507764275,0
-1.9973266178121436,-1.1127682728265695,0
-2.7448689490579987,1.7064012775081203,0
-0.8920914875315266,1.5208311702570567,0
0.6643493286310078,2.071563321648849,0
-0.06120263527720096,1.2635127649617166,0
-1.4288771517943457,5.157088689944833,1
-0.7553903182483834,-1.6066460308611736,0
4.2213454363789005,1.2937668532611772,1
-0.29830097294122193,1.9839754853748834,0
1.7219716220084753,0.3542626882292964,0
-0.8014494710341898,-5.4973428825426645,1
4.97725776329742,3.2507657421090252,1
0.3785255399760554,-1.1134736514820007,0
5.121169506113367,-1.3689875548265455,1
-4.1491045464276235,0.78371326965926,1
-4.8261936159581165,-2.8873946628742044,1
4.37233044093067,2.240198869286854,1
4.964080881719091,1.5158729234387394,1
1.973382401738407,4.620191258823874,1
4.348531303389872,2.402810748031806,1
3.261108404778073,-5.063443039567868,1
-2.543443027186113,-5.129451417838049,1
0.3251105613510804,-5.1255731850369175,1
-2.3173887296242617,-0.24775901293580524,0
-1.3449021307264246,-0.8503560536902224,0
3.129247916146893,0.23946897677026546,0
2.1999963831647253,-0.18035625485466064,0
1.7142911872137787,0.6157790988328322,0
3.9264528597663153,-3.3351452326440887,1
-4.940418837663093,-1.2511011402254013,1
0.8080580784630179,1.653716704983493,0
2.371528213276125,5.435389963754996,1
-1.4643750258060442,0.707898367009187,0
-0.23360420220900047,-1.4500280045055018,0
-1.2386315765822131,1.7270699660771986,0
1.3523461426169003,2.763736962377738,0
1.925218865440418,-3.6866048574141237,1
-2.128290660808971,1.492455459579015,0
1.6680868747812008,-0.9931559562967575,0
-2.1143548753275954,-0.5607955609833802,0
0.14319578224134727,4.803498019778711,1
4.431341235280748,2.3018832527681132,1
0.016765385783302555,2.3661021151872252,0
-4.538804550238572,3.0693993318161077,1
-3.5328187883592226,3.4252794075573534,1
-2.043897431412799,-1.8901592169848747,0
3.676402322414936,-3.336424194100354,1
5.0418264230148475,-0.5593308384243846,1
4.748211735345083,-1.7123391000837895,1
-0.8234515438329232,1.620952552546691,0
-5.090339743238714,1.838162473749936,1
1.3488521823246677,-2.289794403181946,0
1.236002975821832,-0.9007949612812416,0
-2.762451949192138,-3.7367827721034277,1
-1.3531678328940604,0.6100897890103436,0
3.889754977093231,3.162910568914931,1
-1.5775503379560438,-1.0710132869336901,0
4.609721978783443,2.5407027209633584,1
-3.293201715817048,-3.3614840237094965,1
-0.464429055746088,-5.096931008649228,1
-1.5562808661341354,-0.09420751423494947,0
0.692641179341519,-1.782994134994918,0
1.8481055154408612,0.8332780601178169,0
-0.8745146517376778,-0.7872039434680506,0
1.5703706399118473,0.3940868689928795,0
5.104204420247002,0.9064116768507793,1
-0.8868097289862025,-5.122088631565838,1
3.3552018508664623,-3.27926440701687,1
-1.5305195033408996,-0.8286832618901516,0
-3.774258624246608,2.9032491010207386,1
2.315118452390019,0.050669595838305104,0
2.8782671976437464,-3.1602537901067276,1
-0.3505986874608593,1.6676670404956289,0
0.998837154660298,-5.212735201646537,1
-1.798490595713735,0.2583210724699404,0
1.8678418992515486,4.8774274851689015,1
-0.027360479338575244,-5.098879982869241,1
-1.3988230694595465,1.2795262431353296,0
5.24721511426345,0.8151190234814499,1
3.5879181822446666,-2.1468191109489516,1
0.1791283452625032,4.302518791062737,1
-1.1231454971680135,-4.753392539267968,1
-2.1540083832962464,1.1326034672060201,0
1.0105156003632854,5.217745796601673,1
4.824705714157556,-2.1185556896721125,1
-2.271418640814788,4.552629783521523,1
-4.75676099035542,-1.7125254832166803,1
-1.6912868331238844,2.375326372284971,0
-4.844388637474019,2.511165965081798,1
-1.656055985588873,0.2492053962870061,0
-1.6368421511495561,-0.06194657150848676,0
-1.6525451803520632,0.943998934755962,0
-2.54530827533824,-0.959780188894225,0
-1.1415347667260938,-2.5730721067607387,0
4.65850990021851,2.1539148227882325,1
-3.889054011857906,-2.7465264610010833,1
3.4386919626934076,-3.733163362604226,1
-4.91002363242054,-0.2420357018584392,1
-4.930599889406951,-2.1536451603984834,1
1.0662064847940276,-0.13458011396011013,0
2.359620187925632,-1.888666754710408,0
1.441550830395514,-4.303037289832023,1
-1.6945500414147443,0.855559742407872,0
-4.045435827631104,2.3270189141767377,1
0.8046947235437957,-1.111729556217739,0
-1.2392432800630007,1.7102581417482297,0
1.4528961268583844,-1.4797427777033343,0
2.8275916211505105,-4.879302495158019,1
-1.678286513765925,-3.9136026533896855,1
-5.253931323652015,0.1706238052239051,1
-0.4882956738545541,1.839258862220713,0
-5.989728506432703,3.320583182535576,1
2.342232107868912,-0.7740315407420316,0
3.5282486327789155,-3.2528877015288775,1
-1.0385717072052123,3.7966188009182122,1
1.656518975630144,0.21491739697145362,0
-2.621741097670874,-1.3433688737700151,0
-0.6501560182820436,5.619914158965598,1
1.0946582662119266,0.9611479001844507,0
-4.4316088598238705,1.9390253483832747,1
-1.8698398765445046,0.34133355872974014,0
-3.9472131005634132,4.095857762999671,1
-0.7637084856049002,2.2205933385099095,0
3.8530180456635486,-4.064408009894282,1
3.1519367332208215,3.888625798517128,1
-4.497154931330638,2.709600589823931,1
-3.9324194572947273,2.521570053748896,1
-1.1229550598206441,-1.809187860643161,0
-2.4633853363701688,-3.9719977033064082,1
-3.827456770999873,-3.213426149629993,1
-1.293797400938521,-0.3709405795840353,0
0.7756078561556403,4.549236583389931,1
4.568497386335884,0.9578977156146299,1
2.288230070914793,0.6356069629935179,0
-1.7027890731464685,3.9793741440641917,1
1.0122702496192257,5.432099957037844,1
0.9125211891601093,0.5884302739631049,0
-1.9876910126982779,-4.019034591261751,1
0.7629439111569996,-4.445657717860879,1
-5.239739630309407,-0.5700923860171035,1
2.8429530960014353,-0.7891369275494959,0
0.725511268728356,-0.7328100345664967,0
-1.1766683107429172,-5.254974450218271,1
1.650798518642977,-0.20371546041669664,0
-0.46505848205060996,1.7680665591340894,0
-1.9747388909338777,0.07514343276932389,0
2.454014704142826,-4.552798429302156,1
1.92973020595628,4.261399535990059,1
-3.932992443249826,-3.016679873666463,1
-1.0129770367220179,2.8367839649604267,0
1.8666090295605633,-1.1720669710264842,0
0.7673033279617447,-1.6525695613732367,0
-5.394209068974294,-0.12506389257814693,1
1.7937362280813864,-4.796534768356026,1
2.5001404823979443,-3.9119550774301133,1
-0.9509034874292661,-1.3983201937255947,0
1.0272048251015504,1.4814699727545306,0
-4.335032665905069,3.346303245471992,1
-1.3275852692685126,-0.8439721759185336,0
0.621282145224572,1.8363214538797998,0
1.4410874765878745,-0.9919911418211365,0
-1.2316604995536111,-1.466406050851559,0
0.5562895708663285,-1.2598675458359971,0
4.144167377452064,-2.9172129795450643,1
2.915851790231121,-0.023417895735158734,0
-2.2733387045195528,1.1264172535440455,0
3.7958722457831007,-2.8284431563635577,1
1.2866506591042655,-4.613094577456919,1
-5.213831782191467,2.108322846545183,1
-0.035884462177095844,5.104620628878119,1
1.3668377462913026,1.6375165685986466,0
-5.5377326325785425,0.3845789842223889,1
-2.7673016126392422,4.331240606170184,1
1.2293552381011947,-0.12258390810410602,0
4.195924771742149,-2.8483427575707774,1
-1.5138492799130474,-5.454806750275024,1
3.9420924582785215,0.5055940103471993,1
-4.416387499375546,0.6965196928033113,1
-2.12480286705866,0.4810500382357003,0
0.7094460088392464,-0.7825046081545184,0
-4.908323870622187,-0.6665629469201182,1
-0.5770581833345223,1.9534151522098209,0
-5.68857311907081,0.9708559699351151,1
4.779421882567221,-1.3925070817462855,1
0.8011959661465637,1.6007518536549075,0
-0.8961893421773193,1.0158143015237346,0
-4.922620345478671,-1.063587397084731,1
1.5577549669425945,4.276674906329449,1
-0.2897175843370638,-1.2894757856442214,0
-0.24540764864831732,-1.3180508458873592,0
2.9557892567469883,3.0495022025887955,1
4.707137915780111,-1.9554240977804391,1
-0.08364178181047621,1.4134669118470344,0
-3.456868017267062,-4.252812289483771,1
-1.6541223385582098,5.657353812918275,1
1.7578328938693062,0.09689812896437794,0
1.359768012476285,1.9147904667919036,0
-0.09054683873497212,1.9740503450281883,0
-3.1548161523458713,-3.6186292092661723,1
2.5585619279159344,-3.751974221973832,1
-1.6332800466241761,5.496898938470779,1
4.9151217039342265,1.7543677507851485,1
3.051214577240751,3.4378810094172674,1
1.6360537386316734,4.3308113304275855,1
1.6881752360127529,0.025887601249076075,0
-5.644764818344398,0.7242029182409605,1
3.730953997653982,0.5027386855447198,1
3.50087143323297,3.7603364290569004,1
0.556720193013537,2.282097802007365,0
-3.6668606613408903,-4.013417943762528,1
2.2431038689160463,-0.7624306254276814,0
1.1147366887537917,-2.277677981927124,0
-3.0478128252792684,-4.411708428421247,1
1.0055346494235455,-0.6201994148038806,0
2.1060593223030093,-2.143703811916318,0
-2.1827680438041432,-0.292626904912298,0
0.2533562327586758,-1.9429135968843574,0
1.7852513929768123,0.3260777060316895,0
4.520975948628908,0.027853892184687895,1
-5.033764002347062,0.33074155590240273,1
-3.7693266997063954,1.9584246675932813,1
3.5273495118648346,-3.8816478035825988,1
5.022108026364951,-0.6207034093278232,1
0.11574185038983587,2.125440471321557,0
3.8202064519019006,3.456647480715644,1
-0.1400654589607635,1.7274224190824277,0
-0.4158121227128725,2.2031288665391013,0
1.1424034838553356,-4.869793497794081,1
-0.511358589507288,2.430357539663097,0
-1.1924752651788113,5.067498627781769,1
-1.9904555086875948,-1.321345699891539,0
-1.0847376929083499,-5.5290976234223095,1
-0.08598905617222141,-1.802968271061128,0
2.7801677443602255,-1.1797177928113607,0
3.4119909383486737,2.661779523545699,1
-3.1865566947729365,3.454813959527537,1
-0.7521101195169462,1.1554898142674601,0
3.186782159782123,4.721025115049267,1
-0.600007410181779,2.4344513910639134,0
-1.5089955938449433,0.9119739862890082,0
0.9833095021595755,-1.785829400249995,0
3.55629619139034,3.735196767310525,1
1.1780572580216577,4.130889030152427,1
3.555954674709006,-2.5156159563972427,1
-1.952362880854389,0.3293804536417219,0
-1.6253509612552444,-1.350917461658891,0
2.1112958923353045,0.09749770756418613,0
4.207480667989352,1.7076013487933048,1
-2.1569551840279004,-1.029036582460341,0
-1.515857738319573,1.75236584379436,0
-2.0419072283373705,-0.5635640945716331,0
2.1208403045765323,0.8017189576168349,0
1.620754444784225,-1.0180387979432006,0
-4.621440759736557,2.9052163454458904,1
1.4901980092950793,-0.28241051185763183,0
-1.484753570747843,-1.042032463946427,0
-0.07736776439041565,-4.821259326927156,1
2.6308632224228568,4.463700156388701,1
-1.0505010129333479,-0.4985403347632805,0
-3.6747778255861476,4.334509840457819,1
0.6337321969248372,-2.0693088450409722,0
-4.92160412409564,-1.3447480399708327,1
-1.1759417737737592,-0.027126408734966634,0
-1.4246870238488978,1.536484950207976,0
1.015567804026448,1.8490814023243378,0
-0.5991550008997459,-5.129112701074133,1
-3.572669227381324,-3.228894073732062,1
-3.970750427089632,-1.9321265152397429,1
3.8155539744157014,2.6303181408734106,1
-4.9246701543222,2.1569329826946047,1
0.7357436344775157,-2.2065684439566393,0
6.034683194780291,0.09311193401136847,1
0.2908413300157961,-2.39296477572024,0
-3.774610141615198,-1.4642578395210577,1
1.8589270572255792,2.019752099916998,0
5.345914372792426,-0.559030357915942,1
-5.043413321281652,-0.5477716429069753,1
2.3409489454150147,-1.5247305968301255,0
3.618055294789098,3.589404016581049,1
1.7239530332434079,-4.967790518909835,1
1.4970017791632413,-6.007157993776359,1
0.047718082390020844,2.1072904724456354,0
1.2590902516481897,-1.220022656893275,0
-2.102005850545436,1.0340970980803585,0
0.7488661509548833,0.9791127895186034,0
-0.7657261689767099,-1.892646749871928,0
2.5751586859185425,3.5546035092393287,1
2.440416236707364,-1.3769539662244434,0
5.283069905396166,-1.202612572070426,1
-1.8788247672359533,1.6790052910026496,0
-0.41763103849046856,1.841722126311611,0
-0.11503390046381479,1.8235815226599783,0
0.6581759381687502,2.2535807388627576,0
1.431818976531698,-0.04144222904448325,0
4.250438380017738,-4.192335270720072,1
0.9634948009014112,2.0172508972559737,0
-5.027549330458026,1.0366718949525793,1
0.8861623577284634,0.6684561425196408,0
4.596039401130781,-1.7970770074570384,1
2.649413137949074,-0.2671263803392633,0
0.8281266046036956,-1.8797521297747388,0
-2.4460746954314243,0.30745127319175314,0
0.4473425789438621,-3.073331711599052,0
1.227395906291149,-0.30791244471160906,0
-0.6815710438279985,4.752519797039698,1
-1.285392128916304,0.722592650622367,0
-1.003225238819726,1.7505014995336725,0
-2.476250705889052,0.29067587012997426,0
-2.1487240283276616,-0.5037867094191485,0
1.126728190280825,0.17439277484872312,0
1.5154249172670466,1.1442135635812793,0
-0.7849323621620102,-0.9469768787207739,0
-4.590356388987215,1.181126415581197,1
3.899067239040159,-3.7496899531550603,1
1.5779928512620482,-0.12053301323682172,0
-0.7788886327476624,1.8531001700441838,0
-2.1204410003264993,4.196811393281252,1
-5.123455020992176,-0.731815416085096,1
-1.6922315088629472,-1.8165762108051333,0
0.9435142872597868,-1.5216441743768785,0
-4.611517365653019,-0.24471123575707143,1
-0.20252628926259658,-1.7089141700076578,0
0.7741041478645433,0.7984697940735226,0
-0.7680183333878636,-4.723350214096571,1
-2.0609935841351037,1.4404401832050606,0
0.7879975211564884,-4.977355414216787,1
1.6378435880198778,1.1440879948618494,0
1.5951572656760846,-2.3801300684944384,0
0.933021242943384,-1.13436555789251,0
-4.047554447802678,-3.1375813333751497,1
-0.12474795178208163,-2.4490114003074956,0
-1.1633019923723493,-0.358581009030074,0
-5.403238583247797,-1.496305665775778,1
-0.4804439354180538,-1.2341368982411873,0
2.672538169803199,-4.8715595118431105,1
-0.5768413871688602,1.2450822870128495,0
2.416549478238581,-4.539863210508864,1
-3.108076789353687,3.7872635403496533,1
1.674865620760902,-2.7873611467915094,0
-1.8591910551936577,-3.9375333397865386,1
1.9826547288426934,-1.4177525008723972,0
2.040035062692582,0.7895285163284672,0
-3.100560982556873,-4.157936533293362,1
-2.1421718590449546,-1.5252563312110223,0
-0.637702186199504,-4.678908607976522,1
1.7474906231004597,-0.5065732873951765,0
